self,pid,command,shared_obj,symbol
3442863604.0,2782845,python,python,sre_ucs1_match
2907009452.0,2782908,python,python,sre_ucs1_match
2885265512.0,2782885,python,python,sre_ucs1_match
2869244561.0,2782874,python,python,sre_ucs1_match
2852987919.0,2782852,python,python,sre_ucs1_match
2834193936.0,2782863,python,python,sre_ucs1_match
867974341.0,2782845,python,python,sre_ucs1_charset.isra.0
809658918.0,2782863,python,python,sre_ucs1_charset.isra.0
781043684.0,2782874,python,python,sre_ucs1_charset.isra.0
764997811.0,2782908,python,python,sre_ucs1_charset.isra.0
764824035.0,2782852,python,python,sre_ucs1_charset.isra.0
748027515.0,2782885,python,python,sre_ucs1_charset.isra.0
474601165.0,2782845,python,python,sre_search
419280163.0,2782908,python,python,sre_search
416500723.0,2782885,python,python,sre_search
409824647.0,2782852,python,python,sre_search
407519002.0,2782863,python,python,sre_search
386925050.0,2782874,python,python,sre_search
305684964.0,2782908,python,python,sre_ucs1_match
296064877.0,2782874,python,python,sre_ucs1_match
289899728.0,2782852,python,python,sre_ucs1_match
287636526.0,2782896,python,python,sre_ucs1_match
283965032.0,2782863,python,python,sre_ucs1_match
280169691.0,2782885,python,python,sre_ucs1_match
236757043.0,2782885,python,python,sre_ucs1_count
236476930.0,2782852,python,python,sre_ucs1_count
236475322.0,2782874,python,python,sre_ucs1_count
233421810.0,2782845,python,python,sre_ucs1_count
227664407.0,2782908,python,python,sre_ucs1_count
207034557.0,2782863,python,python,sre_ucs1_count
82061756.0,2782896,python,python,sre_ucs1_charset.isra.0
76097255.0,2782852,python,python,sre_ucs1_charset.isra.0
75032552.0,2782885,python,python,sre_ucs1_charset.isra.0
69160401.0,2782863,python,python,sre_ucs1_charset.isra.0
67256134.0,2782874,python,python,sre_ucs1_charset.isra.0
64120027.0,2782845,python,python,_PyEval_EvalFrameDefault
63269619.0,2782908,python,python,sre_ucs1_charset.isra.0
50339729.0,2782863,python,python,sre_search
49400016.0,2782852,python,python,sre_search
48571500.0,2782874,python,python,sre_search
47476443.0,2782908,python,python,sre_search
46024237.0,2782863,python,python,_PyEval_EvalFrameDefault
45822249.0,2782908,python,python,_PyEval_EvalFrameDefault
44886123.0,2782874,python,python,_PyEval_EvalFrameDefault
43401489.0,2782896,python,python,sre_search
42572917.0,2782885,python,python,sre_search
41324033.0,2782885,python,python,_PyEval_EvalFrameDefault
37599147.0,2782852,python,python,_PyEval_EvalFrameDefault
22752839.0,2782845,python,python,siphash13
21730081.0,2782908,python,python,sre_ucs1_count
20824488.0,2782885,python,python,sre_ucs1_count
20585682.0,2782852,python,python,siphash13
20240982.0,2782863,python,python,siphash13
19361600.0,2782874,python,python,siphash13
18763004.0,2782885,python,python,_PyObject_Free
17773635.0,2782863,python,python,sre_ucs1_count
16765432.0,2782852,python,python,sre_ucs1_count
16607252.0,2782852,python,python,_PyObject_Free
16574848.0,2782885,python,python,_PyObject_Malloc
16547203.0,2782874,python,python,_PyObject_Free
15750399.0,2782874,python,python,sre_ucs1_count
15497805.0,2782874,python,python,_PyObject_Malloc
15429283.0,2782908,python,python,siphash13
15328654.0,2782885,python,python,siphash13
14854594.0,2782896,python,python,sre_ucs1_count
12648956.0,2782845,python,python,_PyObject_Free
12466001.0,2782863,python,python,_PyObject_Malloc
10776947.0,2782908,python,python,_PyObject_Malloc
10425296.0,2782908,python,libc.so.6,_int_malloc
9864814.0,2782845,python,python,pattern_new_match
9754913.0,2782845,python,python,_PyObject_Malloc
8802049.0,2782863,python,libc.so.6,_int_malloc
8759669.0,2782852,python,python,_Py_dict_lookup
8690342.0,2782908,python,python,_PyObject_Free
8469496.0,2782874,python,python,_PyEval_EvalFrameDefault
7943077.0,2782845,python,libc.so.6,__memset_avx2_unaligned_erms
7887272.0,2782908,python,libc.so.6,__memset_avx2_unaligned_erms
7856887.0,2782863,python,python,_PyObject_Free
7848146.0,2782845,python,libc.so.6,_int_malloc
7827154.0,2782885,python,libc.so.6,__memset_avx2_unaligned_erms
7816281.0,2782852,python,libc.so.6,__memset_avx2_unaligned_erms
7755617.0,2782863,python,python,initialize_locals
7709593.0,2782874,python,python,_Py_Dealloc
7259873.0,2782863,python,python,_PyType_LookupStackRefAndVersion
6984623.0,2782908,python,python,_PyType_LookupStackRefAndVersion
6947223.0,2782845,python,python,_Py_dict_lookup
6945883.0,2782874,python,python,pattern_new_match
6941360.0,2782908,python,python,_Py_Dealloc
6844717.0,2782908,python,python,PyObject_GC_UnTrack
6794997.0,2782908,python,python,initialize_locals
6675902.0,2782852,python,python,_PyObject_Malloc
6378971.0,2782863,python,python,_PyEval_EvalFrameDefault
6336183.0,2782896,python,python,_PyEval_EvalFrameDefault
6153667.0,2782885,python,python,_Py_Dealloc
5921162.0,2782885,python,python,initialize_locals
5920894.0,2782863,python,python,tuple_hash
5693490.0,2782863,python,python,_sre_SRE_Pattern_search
4964663.0,2782863,python,python,_PyObject_GenericGetAttrWithDict
4958817.0,2782845,python,python,_Py_Dealloc
4952908.0,2782908,python,python,_Py_VectorCall_StackRefSteal
4952115.0,2782885,python,python,_PyFrame_ClearExceptCode
4950678.0,2782885,python,python,match_dealloc
4950365.0,2782874,python,python,_PyObject_GC_NewVar
4949189.0,2782908,python,python,pattern_new_match
4948097.0,2782852,python,python,PyObject_CallOneArg
4942006.0,2782874,python,python,_sre_SRE_Pattern_search
4935082.0,2782908,python,python,_Py_dict_lookup
4927854.0,2782852,python,python,pattern_new_match
4821193.0,2782845,python,python,PyType_IsSubtype
4818996.0,2782852,python,python,_PyEval_EvalFrameDefault
4808354.0,2782845,python,python,PyObject_Hash
4804777.0,2782908,python,python,_sre_SRE_Pattern_search
4777712.0,2782885,python,python,_PyEval_EvalFrameDefault
4588749.0,2782874,python,libc.so.6,malloc
4575956.0,2782852,python,python,_sre_SRE_Pattern_search
4432062.0,2782852,python,python,PyObject_GC_UnTrack
4387988.0,2782908,python,python,tuple_hash
3971717.0,2782852,python,python,_PyCallMethodDescriptorFast_StackRefSteal
3971547.0,2782885,python,python,tuple_hash
3971376.0,2782885,python,libc.so.6,_int_malloc
3971334.0,2782852,python,libc.so.6,_int_malloc
3971179.0,2782874,python,libc.so.6,_int_malloc
3970283.0,2782874,python,libc.so.6,__memset_avx2_unaligned_erms
3966569.0,2782852,python,python,_Py_VectorCall_StackRefSteal
3965373.0,2782852,python,python,_Py_NewReference
3963239.0,2782845,python,libc.so.6,malloc
3961677.0,2782863,python,python,PyObject_Hash
3961391.0,2782852,python,python,_Py_Dealloc
3959094.0,2782908,python,python,PyDict_GetItemRef
3957671.0,2782874,python,python,PyErr_CheckSignals
3955681.0,2782874,python,python,PyObject_GC_UnTrack
3946869.0,2782885,python,python,PyType_IsSubtype
3946561.0,2782885,python,libc.so.6,malloc
3944360.0,2782845,python,python,_PyType_LookupStackRefAndVersion
3883916.0,2782845,python,python,tuple_dealloc
3880273.0,2782908,python,python,_PyObject_GC_NewVar
3879154.0,2782852,python,python,get_exception_handler.isra.0
3868128.0,2782885,python,python,_PyObject_GenericGetAttrWithDict
3856859.0,2782845,python,python,_sre_SRE_Pattern_search
3826596.0,2782863,python,python,PyObject_CallOneArg
3820476.0,2782885,python,python,PyObject_GetOptionalAttr
3815856.0,2782885,python,python,_PyObject_Free
3801701.0,2782852,python,python,_PyObject_GC_NewVar
3437358.0,2782863,python,python,_Py_Dealloc
3103824.0,2782845,python,python,tuple_alloc
2979111.0,2782845,python,python,_PyObject_LookupSpecial
2978938.0,2782885,python,python,tuple_dealloc
2978928.0,2782863,python,python,pattern_new_match
2978664.0,2782852,python,python,_PyEvalFramePushAndInit
2978614.0,2782885,python,python,PyCMethod_New
2978600.0,2782885,python,python,siphash13
2978567.0,2782874,python,python,tuple_hash
2978475.0,2782863,python,python,_PyObject_GC_NewVar
2978443.0,2782908,python,python,_PyEval_FrameClearAndPop
2978411.0,2782874,python,python,_PyCallMethodDescriptorFast_StackRefSteal
2978306.0,2782845,python,python,PyObject_GC_Track
2977860.0,2782863,python,python,PyType_IsSubtype
2974862.0,2782908,python,libc.so.6,malloc
2974212.0,2782908,python,python,PyObject_IsInstance
2972565.0,2782908,python,python,PyException_SetTraceback
2971051.0,2782908,python,python,PyCMethod_New
2969723.0,2782885,python,python,pattern_new_match
2969524.0,2782885,python,python,_PyEval_FrameClearAndPop
2967609.0,2782852,python,python,_PyTuple_FromStackRefStealOnSuccess
2966438.0,2782863,python,python,_PyEval_FrameClearAndPop
2965689.0,2782852,python,libc.so.6,_int_free_merge_chunk
2965547.0,2782845,python,python,_PyErr_CheckSignalsTstate
2964200.0,2782845,python,python,_Py_NewReference
2960349.0,2782874,python,python,PyDict_GetItemRef
2959464.0,2782874,python,python,_Py_NewReference
2959093.0,2782863,python,libc.so.6,malloc
2956427.0,2782885,python,python,PyTuple_FromArray
2950984.0,2782874,python,python,_Py_VectorCall_StackRefSteal
2949693.0,2782845,python,python,method_get
2947339.0,2782908,python,libc.so.6,cfree@GLIBC_2.2.5
2939081.0,2782885,python,python,_PyObject_GC_NewVar
2911360.0,2782852,python,python,_PyType_LookupStackRefAndVersion
2895377.0,2782908,python,libc.so.6,unlink_chunk.isra.0
2893228.0,2782863,python,python,pattern_hash
2879359.0,2782845,python,libc.so.6,_int_free
2842432.0,2782863,python,python,_PyFrame_ClearExceptCode
2835570.0,2782845,python,libc.so.6,unlink_chunk.isra.0
2832100.0,2782852,python,python,initialize_locals
2828162.0,2782863,python,python,_PyTuple_FromStackRefStealOnSuccess
2799954.0,2782863,python,libc.so.6,__memset_avx2_unaligned_erms
2562338.0,2782908,python,python,_PyEval_EvalFrameDefault
2096391.0,2782874,python,python,tuple_alloc
1986190.0,2782885,python,libc.so.6,__memset_avx2_unaligned_erms
1986115.0,2782863,python,python,PyCMethod_New
1986101.0,2782863,python,python,_PyObject_Free
1986033.0,2782885,python,python,PyType_GenericAlloc
1986005.0,2782845,python,python,PyObject_Vectorcall
1986000.0,2782885,python,python,_Py_VectorCall_StackRefSteal
1985998.0,2782852,python,python,tuple_hash
1985983.0,2782874,python,python,PyObject_GC_Del
1985978.0,2782845,python,python,PyType_GenericAlloc
1985927.0,2782845,python,python,pattern_hash
1985903.0,2782908,python,python,PyObject_GC_Track
1985848.0,2782885,python,python,_PyTuple_FromStackRefStealOnSuccess
1985833.0,2782863,python,python,cfunction_vectorcall_O
1985826.0,2782874,python,python,PyObject_Hash
1985826.0,2782874,python,python,match_dealloc
1985822.0,2782874,python,python,_PyType_AllocNoTrack
1985738.0,2782874,python,python,initialize_locals
1985705.0,2782885,python,python,PyObject_GC_Track
1985704.0,2782908,python,python,tuple_dealloc
1985694.0,2782852,python,python,siphash13
1985672.0,2782874,python,python,tuple_dealloc
1985640.0,2782885,python,python,PyObject_Hash
1985501.0,2782863,python,python,PyObject_GC_UnTrack
1985483.0,2782908,python,python,_PyFrame_ClearExceptCode
1985477.0,2782863,python,python,tuple_dealloc
1985448.0,2782896,python,libc.so.6,unlink_chunk.isra.0
1985389.0,2782908,python,python,_PyObject_Malloc
1985290.0,2782885,python,python,PyException_GetTraceback
1984942.0,2782885,python,python,_PyEvalFramePushAndInit
1983994.0,2782863,python,python,BaseException_dealloc
1983952.0,2782908,python,python,_PyErr_SetObject.part.0
1983010.0,2782863,python,python,PyErr_CheckSignals
1982126.0,2782863,python,python,_PyObject_LookupSpecial
1982109.0,2782845,python,python,_PyObject_RealIsInstance
1982028.0,2782863,python,python,_Py_dict_lookup
1981905.0,2782908,python,python,PyObject_Hash
1981374.0,2782863,python,libc.so.6,_int_free
1981215.0,2782852,python,python,PyObject_Vectorcall
1981200.0,2782874,python,python,_PyType_LookupStackRefAndVersion
1981034.0,2782885,python,python,_PyCallMethodDescriptorFast_StackRefSteal
1978553.0,2782885,python,python,_sre_SRE_Pattern_search
1977364.0,2782885,python,python,_PyType_LookupStackRefAndVersion
1977178.0,2782852,python,python,PyType_IsSubtype
1977102.0,2782908,python,python,_PyObject_LookupSpecial
1977044.0,2782863,python,python,PyObject_Vectorcall
1976532.0,2782885,python,python,long_hash
1976392.0,2782852,python,python,_PyObject_Realloc
1975740.0,2782896,python,python,_PyObject_Free
1975553.0,2782885,python,python,_Py_dict_lookup
1975065.0,2782845,python,python,_PyCallMethodDescriptorFast_StackRefSteal
1974974.0,2782852,python,python,PyObject_Free
1972743.0,2782885,python,python,dict_pop
1967877.0,2782845,python,[unknown],0xffffffffaa2c7c44
1964083.0,2782896,python,python,siphash13
1963321.0,2782863,python,python,_Py_VectorCall_StackRefSteal
1963014.0,2782863,python,python,unicode_hash
1957778.0,2782874,python,libc.so.6,_int_free_merge_chunk
1915456.0,2782863,python,python,_Py_NewReference
1908016.0,2782874,python,python,_PyObject_Malloc
1900145.0,2782845,python,libc.so.6,_int_free_merge_chunk
1897455.0,2782845,python,python,_PyObject_GenericGetAttrWithDict
1897317.0,2782874,python,python,PyTraceBack_Here
1896420.0,2782885,python,libc.so.6,unlink_chunk.isra.0
1895837.0,2782863,python,python,_PyCallMethodDescriptorFast_StackRefSteal
1893825.0,2782845,python,python,PyCMethod_New
1890128.0,2782845,python,python,_PyObject_GC_NewVar
1883714.0,2782863,python,python,_PyObject_RealIsInstance
1874641.0,2782863,python,libc.so.6,_int_free_merge_chunk
1871046.0,2782908,python,python,get_exception_handler.isra.0
1856584.0,2782863,python,python,_PyObject_Malloc
1850541.0,2782845,python,python,_PyErr_SetKeyError
1845385.0,2782885,python,python,_PyObject_GC_New
1839097.0,2782874,python,python,_PyObject_GenericGetAttrWithDict
1833079.0,2782845,python,python,_PyEval_FrameClearAndPop
1828259.0,2782863,python,python,initialize_locals
1826638.0,2782863,python,python,PyObject_Hash
1825081.0,2782885,python,python,PyObject_GC_UnTrack
1762862.0,2782852,python,python,PyObject_Hash
1751765.0,2782845,python,python,tuple_hash
1739177.0,2782885,python,python,PyObject_IsSubclass
1734842.0,2782908,python,python,method_get
1632950.0,2782885,python,python,_PyType_LookupStackRefAndVersion
1461765.0,2782885,python,libc.so.6,_int_malloc
1117894.0,2782885,python,python,PyObject_GC_UnTrack
1113183.0,2782852,python,python,_PyErr_SetObject.part.0
1110045.0,2782874,python,libc.so.6,__memmove_avx_unaligned_erms
1004869.0,2782874,python,python,tuple_alloc
993152.0,2782908,python,python,PyErr_SetRaisedException
993148.0,2782845,python,python,match_dealloc
993118.0,2782874,python,python,pattern_hash
993117.0,2782874,python,python,_Py_dict_lookup
993096.0,2782845,python,python,PyErr_Occurred
993087.0,2782845,python,python,long_hash
993082.0,2782885,python,python,PyDict_GetItemRef
993078.0,2782852,python,python,tuple_hash
993075.0,2782885,python,python,PyTraceBack_Here
993070.0,2782885,python,python,malloc@plt
993061.0,2782885,python,libc.so.6,_int_free_merge_chunk
993061.0,2782885,python,python,_PyObject_GenericGetAttrWithDict
993056.0,2782852,python,python,PyObject_Malloc
993054.0,2782874,python,python,PyDict_GetItemRef
993047.0,2782908,python,python,_PyErr_Restore
993046.0,2782852,python,libc.so.6,_int_free_merge_chunk
993041.0,2782863,python,libc.so.6,cfree@GLIBC_2.2.5
993035.0,2782908,python,python,_PyType_AllocNoTrack
993034.0,2782863,python,python,PyTuple_FromArray
993031.0,2782852,python,python,BaseException_dealloc
993029.0,2782852,python,python,_PyType_AllocNoTrack
993026.0,2782908,python,python,pattern_hash
993021.0,2782874,python,python,PyObject_Free
993020.0,2782852,python,python,_PyErr_GetRaisedException
993018.0,2782874,python,python,method_vectorcall_FASTCALL_KEYWORDS_METHOD
993017.0,2782874,python,libc.so.6,_int_free
993017.0,2782852,python,python,PyTraceBack_Here
993016.0,2782852,python,python,pattern_new_match
993011.0,2782852,python,python,PyObject_GC_Del
993011.0,2782896,python,python,PyErr_GivenExceptionMatches
993007.0,2782885,python,python,PyErr_GivenExceptionMatches
993006.0,2782874,python,python,long_hash
993006.0,2782874,python,python,_PyObject_GC_NewVar
993004.0,2782885,python,python,_PyErr_CheckSignalsTstate
992991.0,2782908,python,python,PyObject_Vectorcall
992987.0,2782908,python,python,_Py_NewReference
992983.0,2782845,python,python,_PyType_GetDict
992982.0,2782863,python,python,siphash13
992975.0,2782885,python,python,method_vectorcall_FASTCALL_KEYWORDS_METHOD
992972.0,2782874,python,python,_PyEvalFramePushAndInit
992971.0,2782885,python,python,get_exception_handler.isra.0
992969.0,2782908,python,python,tuple_hash
992968.0,2782908,python,python,cfunction_vectorcall_O
992965.0,2782885,python,python,_PyObject_Realloc
992962.0,2782852,python,libc.so.6,_int_malloc
992961.0,2782874,python,libc.so.6,__memmove_avx_unaligned_erms
992959.0,2782874,python,python,PyObject_GC_UnTrack
992956.0,2782885,python,python,tuple_dealloc
992952.0,2782863,python,python,_Py_NewReference
992949.0,2782852,python,libc.so.6,malloc
992947.0,2782874,python,libc.so.6,unlink_chunk.isra.0
992947.0,2782863,python,[unknown],0xffffffffab601631
992942.0,2782852,python,libc.so.6,cfree@GLIBC_2.2.5
992942.0,2782852,python,python,method_get
992933.0,2782885,python,python,PyObject_Vectorcall
992925.0,2782852,python,python,PyType_GenericAlloc
992924.0,2782852,python,python,PyTuple_FromArray
992912.0,2782885,python,python,PyObject_Malloc
992910.0,2782885,python,python,_Py_Dealloc
992905.0,2782845,python,python,BaseException_dealloc
992904.0,2782885,python,python,frame_dealloc
992902.0,2782885,python,python,_PyTuple_FromStackRefStealOnSuccess
992898.0,2782845,python,python,initialize_locals
992897.0,2782863,python,libc.so.6,__memset_avx2_unaligned_erms
992892.0,2782908,python,python,_PyCallMethodDescriptorFast_StackRefSteal
992890.0,2782874,python,python,PyObject_IsInstance
992889.0,2782845,python,python,_PyEval_MonitorRaise
992883.0,2782845,python,libc.so.6,cfree@GLIBC_2.2.5
992881.0,2782845,python,python,_Py_IsMainThread
992871.0,2782874,python,python,PyErr_SetRaisedException
992867.0,2782885,python,python,pthread_self@plt
992866.0,2782896,python,python,tuple_dealloc
992860.0,2782896,python,libc.so.6,_int_free_merge_chunk
992857.0,2782852,python,libc.so.6,__memset_avx2_unaligned_erms
992855.0,2782908,python,python,_PyType_GetDict
992849.0,2782908,python,python,Py_HashBuffer
992848.0,2782863,python,python,_PyTuple_FromStackRefStealOnSuccess
992846.0,2782852,python,python,PyErr_GetRaisedException
992845.0,2782908,python,python,_sre_SRE_Pattern_search
992843.0,2782863,python,libc.so.6,_int_free_merge_chunk
992841.0,2782896,python,python,_PyObject_GC_NewVar
992840.0,2782863,python,python,_PyObject_GC_NewVar
992839.0,2782874,python,python,PyThread_get_thread_ident
992836.0,2782908,python,python,_PyRunRemoteDebugger
992833.0,2782852,python,python,PyDict_GetItemRef
992832.0,2782885,python,python,_PyMem_RawMalloc
992829.0,2782874,python,python,PyObject_IsInstance
992827.0,2782908,python,python,PyThread_get_thread_ident
992822.0,2782874,python,python,PyErr_Occurred
992817.0,2782908,python,libc.so.6,malloc
992816.0,2782885,python,libc.so.6,_int_free
992813.0,2782863,python,python,get_exception_handler.isra.0
992812.0,2782852,python,python,meth_dealloc
992812.0,2782863,python,python,PyDict_GetItemRef
992807.0,2782874,python,python,BaseException_vectorcall
992804.0,2782874,python,python,_PyMem_RawFree
992793.0,2782845,python,python,_PyFrame_New_NoTrack
992787.0,2782874,python,python,_PyErr_SetObject.part.0
992786.0,2782896,python,python,_Py_NewReference
992785.0,2782885,python,python,cfunction_vectorcall_O
992782.0,2782874,python,python,get_exception_handler.isra.0
992772.0,2782874,python,python,PyErr_GivenExceptionMatches
992772.0,2782874,python,python,meth_dealloc
992772.0,2782852,python,python,_PyErr_Restore
992770.0,2782908,python,python,meth_dealloc
992762.0,2782908,python,python,_PyFrame_MakeAndSetFrameObject
992761.0,2782874,python,python,PyTuple_FromArray
992743.0,2782845,python,python,_PyFrame_ClearExceptCode
992734.0,2782874,python,python,unicode_hash
992729.0,2782863,python,python,dict_pop
992719.0,2782874,python,python,PyException_GetTraceback
992711.0,2782863,python,python,PyTraceBack_Here
992708.0,2782896,python,python,_PyInterpreterState_Main
992707.0,2782852,python,python,long_hash
992695.0,2782845,python,python,PyObject_CallOneArg
992633.0,2782874,python,python,_PyFrame_ClearExceptCode
992632.0,2782885,python,python,BaseException_dealloc
992602.0,2782885,python,python,meth_dealloc
992601.0,2782845,python,[unknown],0xffffffffaa41ede7
992589.0,2782874,python,python,_PyObject_LookupSpecial
992569.0,2782852,python,libc.so.6,unlink_chunk.isra.0
992553.0,2782852,python,python,PyObject_GetOptionalAttr
992537.0,2782874,python,python,PyType_IsSubtype
992448.0,2782845,python,python,_Py_VectorCall_StackRefSteal
992431.0,2782908,python,python,tuple_alloc
992407.0,2782852,python,python,PyErr_SetRaisedException
992399.0,2782852,python,python,PyObject_IsSubclass
992345.0,2782845,python,python,frame_dealloc
992152.0,2782908,python,python,_PyThreadState_PopFrame
991954.0,2782852,python,python,tuple_dealloc
991755.0,2782874,python,python,_PyFrame_New_NoTrack
991749.0,2782845,python,python,PyDict_GetItemRef
991728.0,2782863,python,python,sys_exception
991643.0,2782863,python,python,tb_dealloc
991473.0,2782874,python,python,_PyTuple_FromStackRefStealOnSuccess
991087.0,2782885,python,python,initialize_locals
990778.0,2782885,python,python,tuple_alloc
990696.0,2782885,python,python,pattern_hash
990322.0,2782908,python,python,PyErr_Occurred
990282.0,2782885,python,python,PyObject_GC_Del
990264.0,2782885,python,python,PyErr_GetRaisedException
990256.0,2782845,python,python,_PyRunRemoteDebugger
989852.0,2782845,python,python,PyObject_GC_UnTrack
989217.0,2782885,python,python,PyObject_IsTrue
988888.0,2782863,python,python,PyDict_GetItemRef
988883.0,2782852,python,python,_Py_dict_lookup
988391.0,2782852,python,python,_PyEval_MonitorRaise
988088.0,2782908,python,python,_PyErr_CheckSignalsTstate
987958.0,2782885,python,python,PyType_IsSubtype
987782.0,2782845,python,python,_PyThreadState_PushFrame
987697.0,2782874,python,python,PyException_GetTraceback
987656.0,2782845,python,python,PyObject_IsInstance
986177.0,2782845,python,[unknown],0xffffffffaa374d4c
985839.0,2782908,python,python,PyObject_CallOneArg
985498.0,2782852,python,python,_PyType_GetDict
985353.0,2782863,python,python,_PyErr_SetObject.part.0
984200.0,2782863,python,libc.so.6,unlink_chunk.isra.0
983824.0,2782885,python,python,PyTraceBack_Here
983726.0,2782885,python,libc.so.6,_int_free_maybe_consolidate
983222.0,2782885,python,python,PyObject_IsInstance
982913.0,2782852,python,python,tuple_alloc
982743.0,2782908,python,[unknown],0xffffffffaa3884ea
982724.0,2782874,python,python,pysiphash
982671.0,2782885,python,[unknown],0xffffffffab3bfe70
982609.0,2782852,python,libc.so.6,_int_free_maybe_consolidate
982596.0,2782863,python,[unknown],0xffffffffaa388739
982563.0,2782885,python,[unknown],0xffffffffab601618
982523.0,2782852,python,[unknown],0xffffffffaa48a87d
982489.0,2782908,python,[unknown],0xffffffffaa388096
982487.0,2782852,python,[unknown],0xffffffffaa374c14
982458.0,2782845,python,[unknown],0xffffffffaa374e36
982394.0,2782845,python,python,PyObject_IsSubclass
981903.0,2782885,python,python,PyObject_Vectorcall
980922.0,2782908,python,[unknown],0xffffffffaa37be4b
980915.0,2782852,python,[unknown],0xffffffffaa40c3e9
980907.0,2782863,python,python,PyType_IsSubtype
980832.0,2782885,python,[unknown],0xffffffffaa3569da
980758.0,2782863,python,[unknown],0xffffffffab6011a9
980734.0,2782908,python,[unknown],0xffffffffaa40c469
980601.0,2782863,python,python,PyObject_IsInstance
980596.0,2782885,python,[unknown],0xffffffffaa37bd9e
980524.0,2782852,python,[unknown],0xffffffffaa2c7c44
980461.0,2782845,python,[unknown],0xffffffffab6011a9
980457.0,2782863,python,[unknown],0xffffffffab6011ab
979098.0,2782852,python,[unknown],0xffffffffaa31154e
978663.0,2782908,python,[unknown],0xffffffffaa38a722
977951.0,2782896,python,python,_Py_dict_lookup
977921.0,2782852,python,python,_PyFrame_New_NoTrack
977812.0,2782874,python,python,PyObject_Vectorcall
976578.0,2782885,python,[unknown],0xffffffffaa27c842
976409.0,2782874,python,python,PyObject_GC_Track
973273.0,2782885,python,python,_PyErr_SetObject.part.0
970861.0,2782863,python,python,_PyThreadState_PushFrame
968463.0,2782874,python,python,PyCMethod_New
966991.0,2782845,python,python,method_vectorcall_FASTCALL_KEYWORDS_METHOD
966986.0,2782874,python,python,_Py_dict_lookup
965473.0,2782863,python,libc.so.6,malloc
961364.0,2782908,python,python,PyType_GenericAlloc
960640.0,2782908,python,libc.so.6,_int_free_maybe_consolidate
960349.0,2782874,python,python,PyObject_Malloc
954952.0,2782863,python,python,PyErr_GivenExceptionMatches
947782.0,2782852,python,python,method_vectorcall_FASTCALL_KEYWORDS_METHOD
936562.0,2782863,python,python,_PyCallMethodDescriptorFast_StackRefSteal
917755.0,2782863,python,python,BaseException_vectorcall
916681.0,2782863,python,python,getset_get
914091.0,2782852,python,python,PyCMethod_New
911847.0,2782845,python,python,_PyTuple_FromStackRefStealOnSuccess
910877.0,2782908,python,python,tuple_dealloc
907923.0,2782863,python,python,PyObject_GC_Del
907292.0,2782852,python,python,free@plt
906890.0,2782852,python,[unknown],0xffffffffaa36d229
905982.0,2782885,python,python,_Py_dict_lookup
904507.0,2782908,python,python,_PyTuple_FromStackRefStealOnSuccess
902732.0,2782845,python,python,_PyEvalFramePushAndInit
899387.0,2782845,python,python,_PyErr_SetObject.part.0
898207.0,2782852,python,python,_PyFrame_MakeAndSetFrameObject
896529.0,2782852,python,[unknown],0xffffffffaa345e29
893860.0,2782863,python,[unknown],0xffffffffaa36d618
885585.0,2782885,python,python,pattern_hash
879480.0,2782896,python,python,get_exception_handler.isra.0
871037.0,2782852,python,python,_Py_VectorCall_StackRefSteal
870378.0,2782863,python,python,tuple_alloc
869361.0,2782908,python,python,_Py_dict_lookup
866937.0,2782885,python,python,PyDict_GetItemRef
866478.0,2782845,python,python,PyObject_Malloc
861482.0,2782874,python,libc.so.6,_int_free
854589.0,2782845,python,libc.so.6,_int_free_maybe_consolidate
853928.0,2782852,python,python,_PyFrame_ClearExceptCode
851366.0,2782863,python,python,PyException_SetTraceback
851275.0,2782845,python,python,_PyThreadState_PopFrame
850985.0,2782845,python,python,_PyObject_Realloc
849443.0,2782852,python,python,PyType_IsSubtype
848798.0,2782863,python,python,PyTuple_FromArray
848062.0,2782908,python,python,siphash13
839416.0,2782863,python,python,PyCMethod_New
838345.0,2782896,python,python,_Py_Dealloc
828766.0,2782874,python,[unknown],0xffffffffaa2ad0cc
826188.0,2782908,python,libc.so.6,unlink_chunk.isra.0
817259.0,2782908,python,python,_validate_charset
810913.0,2782896,python,python,PyObject_SetAttr
798773.0,2782852,python,python,_PyFrame_ClearExceptCode
791025.0,2782908,python,python,_PyFrame_ClearExceptCode
753916.0,2782852,python,python,_PyType_LookupStackRefAndVersion
752505.0,2782863,python,python,PyUnicode_Contains
748193.0,2782885,python,python,builtin_ord
744768.0,2782896,python,python,PyType_IsSubtype
732113.0,2782874,python,python,_PyObject_GenericGetAttrWithDict
700394.0,2782885,python,python,_PyFrame_ClearExceptCode
696072.0,2782885,python,python,BaseException_vectorcall
695546.0,2782896,python,python,_PyDict_GetItemRef_KnownHash
678635.0,2782874,python,python,_PyObject_GC_New
598611.0,2782852,python,[unknown],0xffffffffab601631
596990.0,2782896,python,libc.so.6,__memmove_avx_unaligned_erms
596408.0,2782863,python,libc.so.6,_int_malloc
594482.0,2782908,python,libc.so.6,__memmove_avx_unaligned_erms
592473.0,2782845,python,[unknown],0xffffffffab3ae1a4
562033.0,2782885,python,[unknown],0xffffffffab6011d3
424571.0,2782896,python,[unknown],0xffffffffab3ae196
424309.0,2782863,python,python,PyUnicode_New.part.0
422254.0,2782908,python,[unknown],0xffffffffaa62f72b
421669.0,2782845,python,[unknown],0xffffffffab6011d3
379974.0,2782885,python,[unknown],0xffffffffab6011a9
376764.0,2782874,python,[unknown],0xffffffffab6011d3
231681.0,2782852,python,[unknown],0xffffffffaa8ed766
230840.0,2782863,python,[unknown],0xffffffffaa5a65b6
230829.0,2782896,python,[unknown],0xffffffffaa639da1
229996.0,2782908,python,[unknown],0xffffffffab3ae224
229903.0,2782885,python,[unknown],0xffffffffab3ba8d1
229718.0,2782845,python,libc.so.6,__memmove_avx_unaligned_erms
210841.0,2782874,python,[unknown],0xffffffffaa35698f
124999.0,2782845,python,python,PyLong_AsSsize_t
124999.0,2782874,python,libc.so.6,malloc
124999.0,2782852,python,python,_PyObject_GenericGetAttrWithDict
124999.0,2782852,python,python,dict_pop
124999.0,2782896,python,python,_PyTuple_FromStackRefStealOnSuccess
124999.0,2782896,python,python,list_extend_lock_held
124999.0,2782863,python,python,PySequence_Fast
124999.0,2782863,python,python,_copy_characters.constprop.0.isra.0
124999.0,2782852,python,python,unicode_repeat
124999.0,2782885,python,python,tuple_alloc
124999.0,2782908,python,python,unicode_repeat
124999.0,2782863,python,python,_PyDict_LookupIndexAndValue
